{"SceneName":"Bootstrap","SpawnPoints":[{"x":6.610000133514404,"y":0.0,"z":-4.869999885559082},{"x":-4.389999866485596,"y":0.0,"z":-4.869999885559082},{"x":-5.139999866485596,"y":0.0,"z":7.130000114440918},{"x":6.110000133514404,"y":0.0,"z":6.880000114440918}]}
